intercept,CTleaf_out.slope,CTleaf2.slope,Treatment,Leaf.age,Date,UserIDs_in,rdref,q10,LMA_g.m2,a,b,c,MyTemp,R_calc,date.c,Fert
-1.768711423,0.136407555,-0.000497847,c,new,9/5/20,9c,3.78226626,3.050032625,265.012407,-1.768711423,0.136407555,-0.000497847,25,R.mass,9/5/20,post
-1.649526627,0.160200433,-0.001406055,p,new,9/5/20,8p,4.37847232,2.457087918,273.049645,-1.649526627,0.160200433,-0.001406055,25,R.mass,9/5/20,post
-0.297430107,0.136525391,-0.001106042,n,new,9/5/20,5n,11.29577142,2.252933026,146.207585,-0.297430107,0.136525391,-0.001106042,25,R.mass,9/5/20,post
-1.409678868,0.160187487,-0.001359518,p,new,9/5/20,24p,5.727674253,2.514605337,168.75,-1.409678868,0.160187487,-0.001359518,25,R.mass,9/5/20,post
-0.706948865,0.124198119,-0.000859188,c,new,9/5/20,23c,6.430237551,2.253280348,189.376054,-0.706948865,0.124198119,-0.000859188,25,R.mass,9/5/20,post
-2.007312878,0.222437673,-0.002624977,n,new,9/5/20,22n,6.773502093,2.489017794,199.071782,-2.007312878,0.222437673,-0.002624977,25,R.mass,9/5/20,post
-0.574001406,0.098524736,-0.000244207,c,new,9/5/20,20c,5.677367064,2.370601763,191.282051,-0.574001406,0.098524736,-0.000244207,25,R.mass,9/5/20,post
-1.815033397,0.21326878,-0.002402535,p,new,9/5/20,19p,7.50148836,2.538110929,173.689228,-1.815033397,0.21326878,-0.002402535,25,R.mass,9/5/20,post
-1.024738734,0.115925544,-0.000373419,c,new,9/5/20,18c,5.155237053,2.644669293,214.504988,-1.024738734,0.115925544,-0.000373419,25,R.mass,9/5/20,post
-0.456705521,0.117762847,-0.000641137,n,new,9/5/20,17n,8.057916339,2.356223076,188.787879,-0.456705521,0.117762847,-0.000641137,25,R.mass,9/5/20,post
-0.681490278,0.112842039,-0.000431012,c,new,9/5/20,16c,6.489450852,2.491572805,181.180401,-0.681490278,0.112842039,-0.000431012,25,R.mass,9/5/20,post
-1.060957109,0.132872898,-0.000951882,n,new,9/5/20,15n,5.290638087,2.34617841,261.850803,-1.060957109,0.132872898,-0.000951882,25,R.mass,9/5/20,post
-2.924457002,0.267059702,-0.003132711,p,new,9/5/20,14p,6.014006705,3.016935367,193.032462,-2.924457002,0.267059702,-0.003132711,25,R.mass,9/5/20,post
-0.892867873,0.121870809,-0.000686955,c,new,9/5/20,13c,5.610028421,2.399429102,191.476591,-0.892867873,0.121870809,-0.000686955,25,R.mass,9/5/20,post
-3.46975673,0.335373661,-0.004415067,p,new,9/5/20,11p,8.629337214,3.146223792,185.166873,-3.46975673,0.335373661,-0.004415067,25,R.mass,9/5/20,post
-1.578461539,0.178551448,-0.001549183,c,old,9/27/20,9co,6.801107139,2.748136598,214.690722,-1.578461539,0.178551448,-0.001549183,25,R.mass,9/27/20,post
-0.572153399,0.171453119,-0.001741785,c,new,9/27/20,9c,13.81228938,2.324810466,151.794374,-0.572153399,0.171453119,-0.001741785,25,R.mass,9/27/20,post
-1.189780862,0.142106778,-0.00084597,p,new,9/27/20,8p,6.259855653,2.713074815,218.590522,-1.189780862,0.142106778,-0.00084597,25,R.mass,9/27/20,post
-0.425402644,0.093615013,-8.25E-06,n,old,9/27/20,5no,6.751858701,2.539649923,201.705757,-0.425402644,0.093615013,-8.25E-06,25,R.mass,9/27/20,post
0.039214008,0.138544715,-0.001406677,n,new,9/27/20,5n,13.78606757,1.978043911,131.132647,0.039214008,0.138544715,-0.001406677,25,R.mass,9/27/20,post
-1.388679711,0.145339765,-0.000930885,n,old,9/27/20,3no,5.275170496,2.685736312,258.492688,-1.388679711,0.145339765,-0.000930885,25,R.mass,9/27/20,post
-0.547583993,0.136353754,-0.001076392,n,new,9/27/20,3n,8.921952385,2.282660145,203.100775,-0.547583993,0.136353754,-0.001076392,25,R.mass,9/27/20,post
-1.144979456,0.13626643,-0.000838616,p,old,9/27/20,2po,5.683380479,2.568587753,250.929112,-1.144979456,0.13626643,-0.000838616,25,R.mass,9/27/20,post
0.433365629,0.082907208,-0.000193621,p,new,9/27/20,2p,10.85941876,2.079779018,159.592326,0.433365629,0.082907208,-0.000193621,25,R.mass,9/27/20,post
-0.061346797,0.083739139,-0.000223275,p,old,9/27/20,24po,6.636501134,2.066288415,206.086957,-0.061346797,0.083739139,-0.000223275,25,R.mass,9/27/20,post
1.81909797,-0.056692217,0.002229309,p,new,9/27/20,24p,6.020140532,1.729326937,182.147477,1.81909797,-0.056692217,0.002229309,25,R.mass,9/27/20,post
0.150201665,0.043858951,0.000729008,c,old,9/27/20,23co,5.486582453,2.232436531,201.479047,0.150201665,0.043858951,0.000729008,25,R.mass,9/27/20,post
0.351057731,0.085112828,-0.000264956,c,new,9/27/20,23c,10.10753538,2.051662656,155.514706,0.351057731,0.085112828,-0.000264956,25,R.mass,9/27/20,post
-1.007241357,0.117983657,-0.000452628,n,old,9/27/20,22no,5.256459689,2.594834412,228.862479,-1.007241357,0.117983657,-0.000452628,25,R.mass,9/27/20,post
0.274310514,0.072120244,-3.28E-05,n,new,9/27/20,22n,7.820879616,2.023415203,204.285714,0.274310514,0.072120244,-3.28E-05,25,R.mass,9/27/20,post
0.07037767,0.067288296,-4.58E-05,c,old,9/27/20,20co,5.606578423,1.915478386,241.393875,0.07037767,0.067288296,-4.58E-05,25,R.mass,9/27/20,post
-0.726192482,0.147728975,-0.001201297,c,new,9/27/20,20c,9.17260637,2.402816081,175.44843,-0.726192482,0.147728975,-0.001201297,25,R.mass,9/27/20,post
-0.016241832,0.061908863,0.000358673,n,old,9/27/20,1no,5.787210457,2.222038791,207.422402,-0.016241832,0.061908863,0.000358673,25,R.mass,9/27/20,post
-0.190972523,0.049385651,0.000957762,n,new,9/27/20,1n,5.166883701,2.645175201,190.018832,-0.190972523,0.049385651,0.000957762,25,R.mass,9/27/20,post
-0.153552192,0.067380849,0.000146751,p,old,9/27/20,19po,5.06669429,2.111047224,237.305699,-0.153552192,0.067380849,0.000146751,25,R.mass,9/27/20,post
-0.105125394,0.083445197,-4.34E-05,p,new,9/27/20,19p,7.056050266,2.254113332,202.972399,-0.105125394,0.083445197,-4.34E-05,25,R.mass,9/27/20,post
-1.263159147,0.121742337,-0.00033074,c,old,9/27/20,18co,4.82440308,2.863525496,239.955357,-1.263159147,0.121742337,-0.00033074,25,R.mass,9/27/20,post
-0.836338943,0.128349511,-0.000734512,c,new,9/27/20,18c,6.775605706,2.499870821,221.215043,-0.836338943,0.128349511,-0.000734512,25,R.mass,9/27/20,post
-0.661391085,0.10980885,-0.000376734,n,old,9/27/20,17no,6.349471511,2.483631077,195.397891,-0.661391085,0.10980885,-0.000376734,25,R.mass,9/27/20,post
-2.072189969,0.266244181,-0.003115356,n,new,9/27/20,17n,13.96866904,3.018511059,125.430598,-2.072189969,0.266244181,-0.003115356,25,R.mass,9/27/20,post
-0.999629101,0.132668396,-0.000852485,c,old,9/27/20,16co,5.955275464,2.460688746,221.577726,-0.999629101,0.132668396,-0.000852485,25,R.mass,9/27/20,post
-2.360778375,0.257696542,-0.003084779,c,new,9/27/20,16c,8.61623615,2.813912776,203.452855,-2.360778375,0.257696542,-0.003084779,25,R.mass,9/27/20,post
-1.004316739,0.119428861,-0.000533174,n,old,9/27/20,15no,5.197465514,2.528690726,250.192308,-1.004316739,0.119428861,-0.000533174,25,R.mass,9/27/20,post
0.645491539,0.014275614,0.00116775,n,new,9/27/20,15n,5.653221337,2.068101533,222.976744,0.645491539,0.014275614,0.00116775,25,R.mass,9/27/20,post
-0.36164353,0.073499026,0.000398284,p,old,9/27/20,14po,5.611172326,2.545004194,206.929895,-0.36164353,0.073499026,0.000398284,25,R.mass,9/27/20,post
-0.711183984,0.125254344,-0.000839143,p,new,9/27/20,14p,6.65727341,2.30014404,219.871795,-0.711183984,0.125254344,-0.000839143,25,R.mass,9/27/20,post
-1.861769715,0.193157836,-0.001979461,c,old,9/27/20,13co,5.640726434,2.56471586,211.538462,-1.861769715,0.193157836,-0.001979461,25,R.mass,9/27/20,post
-0.39113306,0.100470854,-0.000393518,c,new,9/27/20,13c,6.518795176,2.243303509,200.097561,-0.39113306,0.100470854,-0.000393518,25,R.mass,9/27/20,post
-0.800537904,0.112594243,-0.000413108,p,old,9/27/20,11po,5.78996336,2.507756845,215.656566,-0.800537904,0.112594243,-0.000413108,25,R.mass,9/27/20,post
-0.206482771,0.108845813,-0.000588558,p,new,9/27/20,11p,8.55754731,2.212623647,180.479826,-0.206482771,0.108845813,-0.000588558,25,R.mass,9/27/20,post
0.217895536,0.050349445,0.000457022,p,new,8/16/20,24p,5.825650118,2.079246562,182.860825,0.217895536,0.050349445,0.000457022,25,R.mass,8/16/20,pre
-0.461708484,0.133470224,-0.001040547,c,new,8/16/20,23c,9.250755429,2.257885423,174.786325,-0.461708484,0.133470224,-0.001040547,25,R.mass,8/16/20,pre
-2.236769428,0.227247387,-0.002610434,n,new,8/16/20,22n,6.128157758,2.630718523,210.238569,-2.236769428,0.227247387,-0.002610434,25,R.mass,8/16/20,pre
-0.091170316,0.118066887,-0.000813852,c,new,8/16/20,20c,10.50492878,2.167865465,137.306122,-0.091170316,0.118066887,-0.000813852,25,R.mass,8/16/20,pre
-1.634452803,0.192053499,-0.001986178,n,new,8/16/20,1n,6.85873824,2.528044418,230.81862,-1.634452803,0.192053499,-0.001986178,25,R.mass,8/16/20,pre
-0.579917624,0.153295451,-0.001406669,p,new,8/16/20,19p,10.73275844,2.292447606,148.354662,-0.579917624,0.153295451,-0.001406669,25,R.mass,8/16/20,pre
-1.670357394,0.168837795,-0.001381243,c,new,8/16/20,18c,5.404924484,2.712189783,214.68988,-1.670357394,0.168837795,-0.001381243,25,R.mass,8/16/20,pre
0.032811914,0.093023341,-0.000248244,n,new,8/16/20,17n,9.054329521,2.239183954,169.922309,0.032811914,0.093023341,-0.000248244,25,R.mass,8/16/20,pre
-0.143878838,0.087258909,-0.000173463,c,new,8/16/20,16c,6.883858584,2.194287628,225.381904,-0.143878838,0.087258909,-0.000173463,25,R.mass,8/16/20,pre
0.289898528,0.114376821,-0.001002029,n,new,8/16/20,15n,12.46657564,1.901710715,138.447653,0.289898528,0.114376821,-0.001002029,25,R.mass,8/16/20,pre
-0.373667773,0.148094749,-0.001359742,p,new,8/16/20,14p,11.92768338,2.227937685,140.966921,-0.373667773,0.148094749,-0.001359742,25,R.mass,8/16/20,pre
-0.367708669,0.087503062,-0.000123525,c,new,8/16/20,13c,5.712547282,2.255266929,200.600601,-0.367708669,0.087503062,-0.000123525,25,R.mass,8/16/20,pre
-0.200777817,0.137062,-0.001252859,p,new,8/16/20,11p,11.50446408,2.104736671,153.459716,-0.200777817,0.137062,-0.001252859,25,R.mass,8/16/20,pre
-0.635664565,0.141358269,-0.001130764,c,new,7/19/20,9c,8.949207214,2.335441424,177.2612,-0.635664565,0.141358269,-0.001130764,25,R.mass,7/19/20,pre
0.636369089,0.009424914,0.001132293,p,new,7/19/20,8p,4.853379077,1.935558155,252.70073,0.636369089,0.009424914,0.001132293,25,R.mass,7/19/20,pre
-2.023768465,0.205997092,-0.00220793,n,new,7/19/20,5n,5.73279261,2.601286364,176.479514,-2.023768465,0.205997092,-0.00220793,25,R.mass,7/19/20,pre
0.957756821,0.044306711,0.000385156,n,new,7/19/20,3n,10.03568508,1.888240099,150.406504,0.957756821,0.044306711,0.000385156,25,R.mass,7/19/20,pre
-0.534637853,0.11971538,-0.000618622,p,new,7/19/20,2p,7.937574177,2.429881889,216.992188,-0.534637853,0.11971538,-0.000618622,25,R.mass,7/19/20,pre
-0.135791064,0.121856564,-0.000877046,p,new,7/19/20,24p,10.61713339,2.181564878,124.804688,-0.135791064,0.121856564,-0.000877046,25,R.mass,7/19/20,pre
-0.250902086,0.090067255,-0.000319841,c,new,7/19/20,23c,6.054964909,2.097512223,247.306792,-0.250902086,0.090067255,-0.000319841,25,R.mass,7/19/20,pre
-0.247920271,0.134847053,-0.001153894,n,new,7/19/20,22n,11.04604542,2.163059553,146.337449,-0.247920271,0.134847053,-0.001153894,25,R.mass,7/19/20,pre
-1.424015154,0.17307147,-0.00155441,c,new,7/19/20,20c,6.89823368,2.594800759,210.693642,-1.424015154,0.17307147,-0.00155441,25,R.mass,7/19/20,pre
-0.091845155,0.114083896,-0.00055142,n,new,7/19/20,1n,11.1966488,2.375311956,148.190476,-0.091845155,0.114083896,-0.00055142,25,R.mass,7/19/20,pre
-0.907984592,0.143110145,-0.001121221,p,new,7/19/20,19p,7.163550179,2.388082592,228.875969,-0.907984592,0.143110145,-0.001121221,25,R.mass,7/19/20,pre
-0.765974701,0.124009364,-0.000733556,c,new,7/19/20,18c,6.525951364,2.394837822,222.088353,-0.765974701,0.124009364,-0.000733556,25,R.mass,7/19/20,pre
0.743722336,0.064538463,-9.29E-05,n,new,7/19/20,17n,9.96549021,1.820188408,196.977661,0.743722336,0.064538463,-9.29E-05,25,R.mass,7/19/20,pre
-0.495449933,0.119324169,-0.000699456,c,new,7/19/20,16c,7.771744026,2.324520845,203.649635,-0.495449933,0.119324169,-0.000699456,25,R.mass,7/19/20,pre
-0.4068464,0.127196221,-0.000832805,n,new,7/19/20,15n,9.512018604,2.352691062,163.888889,-0.4068464,0.127196221,-0.000832805,25,R.mass,7/19/20,pre
-1.509667133,0.158234318,-0.001207226,p,new,7/19/20,14p,5.428562596,2.661074611,240.776699,-1.509667133,0.158234318,-0.001207226,25,R.mass,7/19/20,pre
-2.275245547,0.206110525,-0.001832318,c,new,7/19/20,13c,5.653750222,3.142273091,214.043035,-2.275245547,0.206110525,-0.001832318,25,R.mass,7/19/20,pre
-0.382792264,0.103760532,-0.000400724,p,new,7/19/20,11p,7.10478454,2.309990094,201.171875,-0.382792264,0.103760532,-0.000400724,25,R.mass,7/19/20,pre
-2.12880808,0.207350624,-0.001989635,c,new,6/21/20,9c,6.119224973,2.940820385,238.444924,-2.12880808,0.207350624,-0.001989635,25,R.mass,6/21/20,pre
-0.795569797,0.137556705,-0.000994142,p,new,6/21/20,8p,7.553484871,2.407276462,209.983897,-0.795569797,0.137556705,-0.000994142,25,R.mass,6/21/20,pre
0.118621609,0.03773732,0.000902911,n,new,6/21/20,5n,5.085400453,2.290633762,225.622407,0.118621609,0.03773732,0.000902911,25,R.mass,6/21/20,pre
-1.190851528,0.183977873,-0.00182807,n,new,6/21/20,3n,9.64125796,2.523744639,193.181818,-1.190851528,0.183977873,-0.00182807,25,R.mass,6/21/20,pre
-1.85900817,0.177802234,-0.001307617,p,new,6/21/20,2p,5.863736744,3.077796287,229.445507,-1.85900817,0.177802234,-0.001307617,25,R.mass,6/21/20,pre
-0.705767265,0.121654426,-0.000702842,p,new,6/21/20,24p,6.661317375,2.375299109,213.511111,-0.705767265,0.121654426,-0.000702842,25,R.mass,6/21/20,pre
-1.176118203,0.150523516,-0.001102978,c,new,6/21/20,23c,6.66992369,2.595414247,220.88429,-1.176118203,0.150523516,-0.001102978,25,R.mass,6/21/20,pre
0.76859826,0.068484771,3.56E-05,n,new,6/21/20,22n,12.21882824,2.019108608,136.879433,0.76859826,0.068484771,3.56E-05,25,R.mass,6/21/20,pre
-1.605576966,0.209412836,-0.002280953,c,new,6/21/20,20c,9.062532444,2.595170164,194.002307,-1.605576966,0.209412836,-0.002280953,25,R.mass,6/21/20,pre
-0.017471753,0.080950767,-8.53E-05,n,new,6/21/20,1n,7.049676109,2.152984618,195.145631,-0.017471753,0.080950767,-8.53E-05,25,R.mass,6/21/20,pre
-0.756279424,0.077630577,0.000307428,p,new,6/21/20,19p,3.96151827,2.534558987,306.440678,-0.756279424,0.077630577,0.000307428,25,R.mass,6/21/20,pre
-1.415915028,0.146986184,-0.001035425,c,new,6/21/20,18c,5.010817775,2.591273592,252.341598,-1.415915028,0.146986184,-0.001035425,25,R.mass,6/21/20,pre
-1.502983421,0.180334595,-0.00167739,n,new,6/21/20,17n,7.078150247,2.623871428,201.225741,-1.502983421,0.180334595,-0.00167739,25,R.mass,6/21/20,pre
1.298621309,0.032265356,0.00051044,c,new,6/21/20,16c,11.29409808,1.782244683,142.610063,1.298621309,0.032265356,0.00051044,25,R.mass,6/21/20,pre
-0.884470406,0.101918873,-0.000385649,n,new,6/21/20,15n,4.147356314,2.284996461,310.337972,-0.884470406,0.101918873,-0.000385649,25,R.mass,6/21/20,pre
-1.212972718,0.151048919,-0.001066828,p,new,6/21/20,14p,6.662421608,2.656675169,241.071429,-1.212972718,0.151048919,-0.001066828,25,R.mass,6/21/20,pre
-1.552490706,0.125259276,-0.000416925,c,new,6/21/20,13c,3.737486665,2.840927254,257.629108,-1.552490706,0.125259276,-0.000416925,25,R.mass,6/21/20,pre
0.031103899,0.055133924,0.000644877,p,new,6/21/20,11p,6.125743567,2.395945092,225.966851,0.031103899,0.055133924,0.000644877,25,R.mass,6/21/20,pre
-1.768711423,0.136407555,-0.000497847,c,new,9/5/20,9c,3.78226626,3.050032625,265.012407,-1.768711423,0.136407555,-0.000497847,20,R.mass,9/5/20,post
-1.649526627,0.160200433,-0.001406055,p,new,9/5/20,8p,4.37847232,2.457087918,273.049645,-1.649526627,0.160200433,-0.001406055,20,R.mass,9/5/20,post
-0.297430107,0.136525391,-0.001106042,n,new,9/5/20,5n,11.29577142,2.252933026,146.207585,-0.297430107,0.136525391,-0.001106042,20,R.mass,9/5/20,post
-1.409678868,0.160187487,-0.001359518,p,new,9/5/20,24p,5.727674253,2.514605337,168.75,-1.409678868,0.160187487,-0.001359518,20,R.mass,9/5/20,post
-0.706948865,0.124198119,-0.000859188,c,new,9/5/20,23c,6.430237551,2.253280348,189.376054,-0.706948865,0.124198119,-0.000859188,20,R.mass,9/5/20,post
-2.007312878,0.222437673,-0.002624977,n,new,9/5/20,22n,6.773502093,2.489017794,199.071782,-2.007312878,0.222437673,-0.002624977,20,R.mass,9/5/20,post
-0.574001406,0.098524736,-0.000244207,c,new,9/5/20,20c,5.677367064,2.370601763,191.282051,-0.574001406,0.098524736,-0.000244207,20,R.mass,9/5/20,post
-1.815033397,0.21326878,-0.002402535,p,new,9/5/20,19p,7.50148836,2.538110929,173.689228,-1.815033397,0.21326878,-0.002402535,20,R.mass,9/5/20,post
-1.024738734,0.115925544,-0.000373419,c,new,9/5/20,18c,5.155237053,2.644669293,214.504988,-1.024738734,0.115925544,-0.000373419,20,R.mass,9/5/20,post
-0.456705521,0.117762847,-0.000641137,n,new,9/5/20,17n,8.057916339,2.356223076,188.787879,-0.456705521,0.117762847,-0.000641137,20,R.mass,9/5/20,post
-0.681490278,0.112842039,-0.000431012,c,new,9/5/20,16c,6.489450852,2.491572805,181.180401,-0.681490278,0.112842039,-0.000431012,20,R.mass,9/5/20,post
-1.060957109,0.132872898,-0.000951882,n,new,9/5/20,15n,5.290638087,2.34617841,261.850803,-1.060957109,0.132872898,-0.000951882,20,R.mass,9/5/20,post
-2.924457002,0.267059702,-0.003132711,p,new,9/5/20,14p,6.014006705,3.016935367,193.032462,-2.924457002,0.267059702,-0.003132711,20,R.mass,9/5/20,post
-0.892867873,0.121870809,-0.000686955,c,new,9/5/20,13c,5.610028421,2.399429102,191.476591,-0.892867873,0.121870809,-0.000686955,20,R.mass,9/5/20,post
-3.46975673,0.335373661,-0.004415067,p,new,9/5/20,11p,8.629337214,3.146223792,185.166873,-3.46975673,0.335373661,-0.004415067,20,R.mass,9/5/20,post
-1.578461539,0.178551448,-0.001549183,c,old,9/27/20,9co,6.801107139,2.748136598,214.690722,-1.578461539,0.178551448,-0.001549183,20,R.mass,9/27/20,post
-0.572153399,0.171453119,-0.001741785,c,new,9/27/20,9c,13.81228938,2.324810466,151.794374,-0.572153399,0.171453119,-0.001741785,20,R.mass,9/27/20,post
-1.189780862,0.142106778,-0.00084597,p,new,9/27/20,8p,6.259855653,2.713074815,218.590522,-1.189780862,0.142106778,-0.00084597,20,R.mass,9/27/20,post
-0.425402644,0.093615013,-8.25E-06,n,old,9/27/20,5no,6.751858701,2.539649923,201.705757,-0.425402644,0.093615013,-8.25E-06,20,R.mass,9/27/20,post
0.039214008,0.138544715,-0.001406677,n,new,9/27/20,5n,13.78606757,1.978043911,131.132647,0.039214008,0.138544715,-0.001406677,20,R.mass,9/27/20,post
-1.388679711,0.145339765,-0.000930885,n,old,9/27/20,3no,5.275170496,2.685736312,258.492688,-1.388679711,0.145339765,-0.000930885,20,R.mass,9/27/20,post
-0.547583993,0.136353754,-0.001076392,n,new,9/27/20,3n,8.921952385,2.282660145,203.100775,-0.547583993,0.136353754,-0.001076392,20,R.mass,9/27/20,post
-1.144979456,0.13626643,-0.000838616,p,old,9/27/20,2po,5.683380479,2.568587753,250.929112,-1.144979456,0.13626643,-0.000838616,20,R.mass,9/27/20,post
0.433365629,0.082907208,-0.000193621,p,new,9/27/20,2p,10.85941876,2.079779018,159.592326,0.433365629,0.082907208,-0.000193621,20,R.mass,9/27/20,post
-0.061346797,0.083739139,-0.000223275,p,old,9/27/20,24po,6.636501134,2.066288415,206.086957,-0.061346797,0.083739139,-0.000223275,20,R.mass,9/27/20,post
1.81909797,-0.056692217,0.002229309,p,new,9/27/20,24p,6.020140532,1.729326937,182.147477,1.81909797,-0.056692217,0.002229309,20,R.mass,9/27/20,post
0.150201665,0.043858951,0.000729008,c,old,9/27/20,23co,5.486582453,2.232436531,201.479047,0.150201665,0.043858951,0.000729008,20,R.mass,9/27/20,post
0.351057731,0.085112828,-0.000264956,c,new,9/27/20,23c,10.10753538,2.051662656,155.514706,0.351057731,0.085112828,-0.000264956,20,R.mass,9/27/20,post
-1.007241357,0.117983657,-0.000452628,n,old,9/27/20,22no,5.256459689,2.594834412,228.862479,-1.007241357,0.117983657,-0.000452628,20,R.mass,9/27/20,post
0.274310514,0.072120244,-3.28E-05,n,new,9/27/20,22n,7.820879616,2.023415203,204.285714,0.274310514,0.072120244,-3.28E-05,20,R.mass,9/27/20,post
0.07037767,0.067288296,-4.58E-05,c,old,9/27/20,20co,5.606578423,1.915478386,241.393875,0.07037767,0.067288296,-4.58E-05,20,R.mass,9/27/20,post
-0.726192482,0.147728975,-0.001201297,c,new,9/27/20,20c,9.17260637,2.402816081,175.44843,-0.726192482,0.147728975,-0.001201297,20,R.mass,9/27/20,post
-0.016241832,0.061908863,0.000358673,n,old,9/27/20,1no,5.787210457,2.222038791,207.422402,-0.016241832,0.061908863,0.000358673,20,R.mass,9/27/20,post
-0.190972523,0.049385651,0.000957762,n,new,9/27/20,1n,5.166883701,2.645175201,190.018832,-0.190972523,0.049385651,0.000957762,20,R.mass,9/27/20,post
-0.153552192,0.067380849,0.000146751,p,old,9/27/20,19po,5.06669429,2.111047224,237.305699,-0.153552192,0.067380849,0.000146751,20,R.mass,9/27/20,post
-0.105125394,0.083445197,-4.34E-05,p,new,9/27/20,19p,7.056050266,2.254113332,202.972399,-0.105125394,0.083445197,-4.34E-05,20,R.mass,9/27/20,post
-1.263159147,0.121742337,-0.00033074,c,old,9/27/20,18co,4.82440308,2.863525496,239.955357,-1.263159147,0.121742337,-0.00033074,20,R.mass,9/27/20,post
-0.836338943,0.128349511,-0.000734512,c,new,9/27/20,18c,6.775605706,2.499870821,221.215043,-0.836338943,0.128349511,-0.000734512,20,R.mass,9/27/20,post
-0.661391085,0.10980885,-0.000376734,n,old,9/27/20,17no,6.349471511,2.483631077,195.397891,-0.661391085,0.10980885,-0.000376734,20,R.mass,9/27/20,post
-2.072189969,0.266244181,-0.003115356,n,new,9/27/20,17n,13.96866904,3.018511059,125.430598,-2.072189969,0.266244181,-0.003115356,20,R.mass,9/27/20,post
-0.999629101,0.132668396,-0.000852485,c,old,9/27/20,16co,5.955275464,2.460688746,221.577726,-0.999629101,0.132668396,-0.000852485,20,R.mass,9/27/20,post
-2.360778375,0.257696542,-0.003084779,c,new,9/27/20,16c,8.61623615,2.813912776,203.452855,-2.360778375,0.257696542,-0.003084779,20,R.mass,9/27/20,post
-1.004316739,0.119428861,-0.000533174,n,old,9/27/20,15no,5.197465514,2.528690726,250.192308,-1.004316739,0.119428861,-0.000533174,20,R.mass,9/27/20,post
0.645491539,0.014275614,0.00116775,n,new,9/27/20,15n,5.653221337,2.068101533,222.976744,0.645491539,0.014275614,0.00116775,20,R.mass,9/27/20,post
-0.36164353,0.073499026,0.000398284,p,old,9/27/20,14po,5.611172326,2.545004194,206.929895,-0.36164353,0.073499026,0.000398284,20,R.mass,9/27/20,post
-0.711183984,0.125254344,-0.000839143,p,new,9/27/20,14p,6.65727341,2.30014404,219.871795,-0.711183984,0.125254344,-0.000839143,20,R.mass,9/27/20,post
-1.861769715,0.193157836,-0.001979461,c,old,9/27/20,13co,5.640726434,2.56471586,211.538462,-1.861769715,0.193157836,-0.001979461,20,R.mass,9/27/20,post
-0.39113306,0.100470854,-0.000393518,c,new,9/27/20,13c,6.518795176,2.243303509,200.097561,-0.39113306,0.100470854,-0.000393518,20,R.mass,9/27/20,post
-0.800537904,0.112594243,-0.000413108,p,old,9/27/20,11po,5.78996336,2.507756845,215.656566,-0.800537904,0.112594243,-0.000413108,20,R.mass,9/27/20,post
-0.206482771,0.108845813,-0.000588558,p,new,9/27/20,11p,8.55754731,2.212623647,180.479826,-0.206482771,0.108845813,-0.000588558,20,R.mass,9/27/20,post
0.217895536,0.050349445,0.000457022,p,new,8/16/20,24p,5.825650118,2.079246562,182.860825,0.217895536,0.050349445,0.000457022,20,R.mass,8/16/20,pre
-0.461708484,0.133470224,-0.001040547,c,new,8/16/20,23c,9.250755429,2.257885423,174.786325,-0.461708484,0.133470224,-0.001040547,20,R.mass,8/16/20,pre
-2.236769428,0.227247387,-0.002610434,n,new,8/16/20,22n,6.128157758,2.630718523,210.238569,-2.236769428,0.227247387,-0.002610434,20,R.mass,8/16/20,pre
-0.091170316,0.118066887,-0.000813852,c,new,8/16/20,20c,10.50492878,2.167865465,137.306122,-0.091170316,0.118066887,-0.000813852,20,R.mass,8/16/20,pre
-1.634452803,0.192053499,-0.001986178,n,new,8/16/20,1n,6.85873824,2.528044418,230.81862,-1.634452803,0.192053499,-0.001986178,20,R.mass,8/16/20,pre
-0.579917624,0.153295451,-0.001406669,p,new,8/16/20,19p,10.73275844,2.292447606,148.354662,-0.579917624,0.153295451,-0.001406669,20,R.mass,8/16/20,pre
-1.670357394,0.168837795,-0.001381243,c,new,8/16/20,18c,5.404924484,2.712189783,214.68988,-1.670357394,0.168837795,-0.001381243,20,R.mass,8/16/20,pre
0.032811914,0.093023341,-0.000248244,n,new,8/16/20,17n,9.054329521,2.239183954,169.922309,0.032811914,0.093023341,-0.000248244,20,R.mass,8/16/20,pre
-0.143878838,0.087258909,-0.000173463,c,new,8/16/20,16c,6.883858584,2.194287628,225.381904,-0.143878838,0.087258909,-0.000173463,20,R.mass,8/16/20,pre
0.289898528,0.114376821,-0.001002029,n,new,8/16/20,15n,12.46657564,1.901710715,138.447653,0.289898528,0.114376821,-0.001002029,20,R.mass,8/16/20,pre
-0.373667773,0.148094749,-0.001359742,p,new,8/16/20,14p,11.92768338,2.227937685,140.966921,-0.373667773,0.148094749,-0.001359742,20,R.mass,8/16/20,pre
-0.367708669,0.087503062,-0.000123525,c,new,8/16/20,13c,5.712547282,2.255266929,200.600601,-0.367708669,0.087503062,-0.000123525,20,R.mass,8/16/20,pre
-0.200777817,0.137062,-0.001252859,p,new,8/16/20,11p,11.50446408,2.104736671,153.459716,-0.200777817,0.137062,-0.001252859,20,R.mass,8/16/20,pre
-0.635664565,0.141358269,-0.001130764,c,new,7/19/20,9c,8.949207214,2.335441424,177.2612,-0.635664565,0.141358269,-0.001130764,20,R.mass,7/19/20,pre
0.636369089,0.009424914,0.001132293,p,new,7/19/20,8p,4.853379077,1.935558155,252.70073,0.636369089,0.009424914,0.001132293,20,R.mass,7/19/20,pre
-2.023768465,0.205997092,-0.00220793,n,new,7/19/20,5n,5.73279261,2.601286364,176.479514,-2.023768465,0.205997092,-0.00220793,20,R.mass,7/19/20,pre
0.957756821,0.044306711,0.000385156,n,new,7/19/20,3n,10.03568508,1.888240099,150.406504,0.957756821,0.044306711,0.000385156,20,R.mass,7/19/20,pre
-0.534637853,0.11971538,-0.000618622,p,new,7/19/20,2p,7.937574177,2.429881889,216.992188,-0.534637853,0.11971538,-0.000618622,20,R.mass,7/19/20,pre
-0.135791064,0.121856564,-0.000877046,p,new,7/19/20,24p,10.61713339,2.181564878,124.804688,-0.135791064,0.121856564,-0.000877046,20,R.mass,7/19/20,pre
-0.250902086,0.090067255,-0.000319841,c,new,7/19/20,23c,6.054964909,2.097512223,247.306792,-0.250902086,0.090067255,-0.000319841,20,R.mass,7/19/20,pre
-0.247920271,0.134847053,-0.001153894,n,new,7/19/20,22n,11.04604542,2.163059553,146.337449,-0.247920271,0.134847053,-0.001153894,20,R.mass,7/19/20,pre
-1.424015154,0.17307147,-0.00155441,c,new,7/19/20,20c,6.89823368,2.594800759,210.693642,-1.424015154,0.17307147,-0.00155441,20,R.mass,7/19/20,pre
-0.091845155,0.114083896,-0.00055142,n,new,7/19/20,1n,11.1966488,2.375311956,148.190476,-0.091845155,0.114083896,-0.00055142,20,R.mass,7/19/20,pre
-0.907984592,0.143110145,-0.001121221,p,new,7/19/20,19p,7.163550179,2.388082592,228.875969,-0.907984592,0.143110145,-0.001121221,20,R.mass,7/19/20,pre
-0.765974701,0.124009364,-0.000733556,c,new,7/19/20,18c,6.525951364,2.394837822,222.088353,-0.765974701,0.124009364,-0.000733556,20,R.mass,7/19/20,pre
0.743722336,0.064538463,-9.29E-05,n,new,7/19/20,17n,9.96549021,1.820188408,196.977661,0.743722336,0.064538463,-9.29E-05,20,R.mass,7/19/20,pre
-0.495449933,0.119324169,-0.000699456,c,new,7/19/20,16c,7.771744026,2.324520845,203.649635,-0.495449933,0.119324169,-0.000699456,20,R.mass,7/19/20,pre
-0.4068464,0.127196221,-0.000832805,n,new,7/19/20,15n,9.512018604,2.352691062,163.888889,-0.4068464,0.127196221,-0.000832805,20,R.mass,7/19/20,pre
-1.509667133,0.158234318,-0.001207226,p,new,7/19/20,14p,5.428562596,2.661074611,240.776699,-1.509667133,0.158234318,-0.001207226,20,R.mass,7/19/20,pre
-2.275245547,0.206110525,-0.001832318,c,new,7/19/20,13c,5.653750222,3.142273091,214.043035,-2.275245547,0.206110525,-0.001832318,20,R.mass,7/19/20,pre
-0.382792264,0.103760532,-0.000400724,p,new,7/19/20,11p,7.10478454,2.309990094,201.171875,-0.382792264,0.103760532,-0.000400724,20,R.mass,7/19/20,pre
-2.12880808,0.207350624,-0.001989635,c,new,6/21/20,9c,6.119224973,2.940820385,238.444924,-2.12880808,0.207350624,-0.001989635,20,R.mass,6/21/20,pre
-0.795569797,0.137556705,-0.000994142,p,new,6/21/20,8p,7.553484871,2.407276462,209.983897,-0.795569797,0.137556705,-0.000994142,20,R.mass,6/21/20,pre
0.118621609,0.03773732,0.000902911,n,new,6/21/20,5n,5.085400453,2.290633762,225.622407,0.118621609,0.03773732,0.000902911,20,R.mass,6/21/20,pre
-1.190851528,0.183977873,-0.00182807,n,new,6/21/20,3n,9.64125796,2.523744639,193.181818,-1.190851528,0.183977873,-0.00182807,20,R.mass,6/21/20,pre
-1.85900817,0.177802234,-0.001307617,p,new,6/21/20,2p,5.863736744,3.077796287,229.445507,-1.85900817,0.177802234,-0.001307617,20,R.mass,6/21/20,pre
-0.705767265,0.121654426,-0.000702842,p,new,6/21/20,24p,6.661317375,2.375299109,213.511111,-0.705767265,0.121654426,-0.000702842,20,R.mass,6/21/20,pre
-1.176118203,0.150523516,-0.001102978,c,new,6/21/20,23c,6.66992369,2.595414247,220.88429,-1.176118203,0.150523516,-0.001102978,20,R.mass,6/21/20,pre
0.76859826,0.068484771,3.56E-05,n,new,6/21/20,22n,12.21882824,2.019108608,136.879433,0.76859826,0.068484771,3.56E-05,20,R.mass,6/21/20,pre
-1.605576966,0.209412836,-0.002280953,c,new,6/21/20,20c,9.062532444,2.595170164,194.002307,-1.605576966,0.209412836,-0.002280953,20,R.mass,6/21/20,pre
-0.017471753,0.080950767,-8.53E-05,n,new,6/21/20,1n,7.049676109,2.152984618,195.145631,-0.017471753,0.080950767,-8.53E-05,20,R.mass,6/21/20,pre
-0.756279424,0.077630577,0.000307428,p,new,6/21/20,19p,3.96151827,2.534558987,306.440678,-0.756279424,0.077630577,0.000307428,20,R.mass,6/21/20,pre
-1.415915028,0.146986184,-0.001035425,c,new,6/21/20,18c,5.010817775,2.591273592,252.341598,-1.415915028,0.146986184,-0.001035425,20,R.mass,6/21/20,pre
-1.502983421,0.180334595,-0.00167739,n,new,6/21/20,17n,7.078150247,2.623871428,201.225741,-1.502983421,0.180334595,-0.00167739,20,R.mass,6/21/20,pre
1.298621309,0.032265356,0.00051044,c,new,6/21/20,16c,11.29409808,1.782244683,142.610063,1.298621309,0.032265356,0.00051044,20,R.mass,6/21/20,pre
-0.884470406,0.101918873,-0.000385649,n,new,6/21/20,15n,4.147356314,2.284996461,310.337972,-0.884470406,0.101918873,-0.000385649,20,R.mass,6/21/20,pre
-1.212972718,0.151048919,-0.001066828,p,new,6/21/20,14p,6.662421608,2.656675169,241.071429,-1.212972718,0.151048919,-0.001066828,20,R.mass,6/21/20,pre
-1.552490706,0.125259276,-0.000416925,c,new,6/21/20,13c,3.737486665,2.840927254,257.629108,-1.552490706,0.125259276,-0.000416925,20,R.mass,6/21/20,pre
0.031103899,0.055133924,0.000644877,p,new,6/21/20,11p,6.125743567,2.395945092,225.966851,0.031103899,0.055133924,0.000644877,20,R.mass,6/21/20,pre
-3.096690058,0.136407555,-0.000497847,c,new,9/5/20,9c,1.002347485,3.050032625,265.012407,-3.096690058,0.136407555,-0.000497847,25,R.area,9/5/20,post
-2.947628277,0.160200433,-0.001406055,p,new,9/5/20,8p,1.195540313,2.457087918,273.049645,-2.947628277,0.160200433,-0.001406055,25,R.area,9/5/20,post
-2.220157959,0.136525391,-0.001106042,n,new,9/5/20,5n,1.651527461,2.252933026,146.207585,-2.220157959,0.136525391,-0.001106042,25,R.area,9/5/20,post
-3.189015817,0.160187487,-0.001359518,p,new,9/5/20,24p,0.96654503,2.514605337,168.75,-3.189015817,0.160187487,-0.001359518,25,R.area,9/5/20,post
-2.370969402,0.124198119,-0.000859188,c,new,9/5/20,23c,1.217733014,2.253280348,189.376054,-2.370969402,0.124198119,-0.000859188,25,R.area,9/5/20,post
-3.621402684,0.222437673,-0.002624977,n,new,9/5/20,22n,1.348413132,2.489017794,199.071782,-3.621402684,0.222437673,-0.002624977,25,R.area,9/5/20,post
-2.228007639,0.098524736,-0.000244207,c,new,9/5/20,20c,1.085978416,2.370601763,191.282051,-2.228007639,0.098524736,-0.000244207,25,R.area,9/5/20,post
-3.565521019,0.21326878,-0.002402535,p,new,9/5/20,19p,1.302927722,2.538110929,173.689228,-3.565521019,0.21326878,-0.002402535,25,R.area,9/5/20,post
-2.56416102,0.115925544,-0.000373419,c,new,9/5/20,18c,1.105824062,2.644669293,214.504988,-2.56416102,0.115925544,-0.000373419,25,R.area,9/5/20,post
-2.123836748,0.117762847,-0.000641137,n,new,9/5/20,17n,1.521236935,2.356223076,188.787879,-2.123836748,0.117762847,-0.000641137,25,R.area,9/5/20,post
-2.389752332,0.112842039,-0.000431012,c,new,9/5/20,16c,1.175761308,2.491572805,181.180401,-2.389752332,0.112842039,-0.000431012,25,R.area,9/5/20,post
-2.4009375,0.132872898,-0.000951882,n,new,9/5/20,15n,1.385357831,2.34617841,261.850803,-2.4009375,0.132872898,-0.000951882,25,R.area,9/5/20,post
-4.569353909,0.267059702,-0.003132711,p,new,9/5/20,14p,1.160898521,3.016935367,193.032462,-4.569353909,0.267059702,-0.003132711,25,R.area,9/5/20,post
-2.545857591,0.121870809,-0.000686955,c,new,9/5/20,13c,1.074189117,2.399429102,191.476591,-2.545857591,0.121870809,-0.000686955,25,R.area,9/5/20,post
-5.156254574,0.335373661,-0.004415067,p,new,9/5/20,11p,1.597867388,3.146223792,185.166873,-5.156254574,0.335373661,-0.004415067,25,R.area,9/5/20,post
-3.117018328,0.178551448,-0.001549183,c,old,9/27/20,9co,1.460134602,2.748136598,214.690722,-3.117018328,0.178551448,-0.001549183,25,R.area,9/27/20,post
-2.457381875,0.171453119,-0.001741785,c,new,9/27/20,9c,2.09662782,2.324810466,151.794374,-2.457381875,0.171453119,-0.001741785,25,R.area,9/27/20,post
-2.710335924,0.142106778,-0.00084597,p,new,9/27/20,8p,1.368345115,2.713074815,218.590522,-2.710335924,0.142106778,-0.00084597,25,R.area,9/27/20,post
-2.026347936,0.093615013,-8.25E-06,n,old,9/27/20,5no,1.36188877,2.539649923,201.705757,-2.026347936,0.093615013,-8.25E-06,25,R.area,9/27/20,post
-1.992331888,0.138544715,-0.001406677,n,new,9/27/20,5n,1.807803532,1.978043911,131.132647,-1.992331888,0.138544715,-0.001406677,25,R.area,9/27/20,post
-2.741567583,0.145339765,-0.000930885,n,old,9/27/20,3no,1.363593001,2.685736312,258.492688,-2.741567583,0.145339765,-0.000930885,25,R.area,9/27/20,post
-2.141636987,0.136353754,-0.001076392,n,new,9/27/20,3n,1.812055444,2.282660145,203.100775,-2.141636987,0.136353754,-0.001076392,25,R.area,9/27/20,post
-2.527564258,0.13626643,-0.000838616,p,old,9/27/20,2po,1.426125617,2.568587753,250.929112,-2.527564258,0.13626643,-0.000838616,25,R.area,9/27/20,post
-1.401767049,0.082907208,-0.000193621,p,new,9/27/20,2p,1.733079898,2.079779018,159.592326,-1.401767049,0.082907208,-0.000193621,25,R.area,9/27/20,post
-1.640803875,0.083739139,-0.000223275,p,old,9/27/20,24po,1.367696324,2.066288415,206.086957,-1.640803875,0.083739139,-0.000223275,25,R.area,9/27/20,post
0.116159364,-0.056692217,0.002229309,p,new,9/27/20,24p,1.096553409,1.729326937,182.147477,0.116159364,-0.056692217,0.002229309,25,R.area,9/27/20,post
-1.451868223,0.043858951,0.000729008,c,old,9/27/20,23co,1.105431404,2.232436531,201.479047,-1.451868223,0.043858951,0.000729008,25,R.area,9/27/20,post
-1.509957249,0.085112828,-0.000264956,c,new,9/27/20,23c,1.571870393,2.051662656,155.514706,-1.509957249,0.085112828,-0.000264956,25,R.area,9/27/20,post
-2.481875341,0.117983657,-0.000452628,n,old,9/27/20,22no,1.203006395,2.594834412,228.862479,-2.481875341,0.117983657,-0.000452628,25,R.area,9/27/20,post
-1.313925192,0.072120244,-3.28E-05,n,new,9/27/20,22n,1.597693976,2.023415203,204.285714,-1.313925192,0.072120244,-3.28E-05,25,R.area,9/27/20,post
-1.350947674,0.067288296,-4.58E-05,c,old,9/27/20,20co,1.353393691,1.915478386,241.393875,-1.350947674,0.067288296,-4.58E-05,25,R.area,9/27/20,post
-2.466602607,0.147728975,-0.001201297,c,new,9/27/20,20c,1.609319387,2.402816081,175.44843,-2.466602607,0.147728975,-0.001201297,25,R.area,9/27/20,post
-1.589239808,0.061908863,0.000358673,n,old,9/27/20,1no,1.200397094,2.222038791,207.422402,-1.589239808,0.061908863,0.000358673,25,R.area,9/27/20,post
-1.851604619,0.049385651,0.000957762,n,new,9/27/20,1n,0.981805206,2.645175201,190.018832,-1.851604619,0.049385651,0.000957762,25,R.area,9/27/20,post
-1.591958292,0.067380849,0.000146751,p,old,9/27/20,19po,1.20235543,2.111047224,237.305699,-1.591958292,0.067380849,0.000146751,25,R.area,9/27/20,post
-1.699810669,0.083445197,-4.34E-05,p,new,9/27/20,19p,1.43218345,2.254113332,202.972399,-1.699810669,0.083445197,-4.34E-05,25,R.area,9/27/20,post
-2.690461533,0.121742337,-0.00033074,c,old,9/27/20,18co,1.157641363,2.863525496,239.955357,-2.690461533,0.121742337,-0.00033074,25,R.area,9/27/20,post
-2.344958948,0.128349511,-0.000734512,c,new,9/27/20,18c,1.498865908,2.499870821,221.215043,-2.344958948,0.128349511,-0.000734512,25,R.area,9/27/20,post
-2.294108418,0.10980885,-0.000376734,n,old,9/27/20,17no,1.240673342,2.483631077,195.397891,-2.294108418,0.10980885,-0.000376734,25,R.area,9/27/20,post
-4.148192646,0.266244181,-0.003115356,n,new,9/27/20,17n,1.752098511,3.018511059,125.430598,-4.148192646,0.266244181,-0.003115356,25,R.area,9/27/20,post
-2.506610944,0.132668396,-0.000852485,c,old,9/27/20,16co,1.319556395,2.460688746,221.577726,-2.506610944,0.132668396,-0.000852485,25,R.area,9/27/20,post
-3.953099347,0.257696542,-0.003084779,c,new,9/27/20,16c,1.752997844,2.813912776,203.452855,-3.953099347,0.257696542,-0.003084779,25,R.area,9/27/20,post
-2.389842164,0.119428861,-0.000533174,n,old,9/27/20,15no,1.300365893,2.528690726,250.192308,-2.389842164,0.119428861,-0.000533174,25,R.area,9/27/20,post
-0.855196261,0.014275614,0.00116775,n,new,9/27/20,15n,1.260536887,2.068101533,222.976744,-0.855196261,0.014275614,0.00116775,25,R.area,9/27/20,post
-1.937018745,0.073499026,0.000398284,p,old,9/27/20,14po,1.1611193,2.545004194,206.929895,-1.937018745,0.073499026,0.000398284,25,R.area,9/27/20,post
-2.225894637,0.125254344,-0.000839143,p,new,9/27/20,14p,1.463746654,2.30014404,219.871795,-2.225894637,0.125254344,-0.000839143,25,R.area,9/27/20,post
-3.415118158,0.193157836,-0.001979461,c,old,9/27/20,13co,1.193230595,2.56471586,211.538462,-3.415118158,0.193157836,-0.001979461,25,R.area,9/27/20,post
-2.000083287,0.100470854,-0.000393518,c,new,9/27/20,13c,1.304395015,2.243303509,200.097561,-2.000083287,0.100470854,-0.000393518,25,R.area,9/27/20,post
-2.334606013,0.112594243,-0.000413108,p,old,9/27/20,11po,1.248643616,2.507756845,215.656566,-2.334606013,0.112594243,-0.000413108,25,R.area,9/27/20,post
-1.918619045,0.108845813,-0.000588558,p,new,9/27/20,11p,1.544464649,2.212623647,180.479826,-1.918619045,0.108845813,-0.000588558,25,R.area,9/27/20,post
-1.481134399,0.050349445,0.000457022,p,new,8/16/20,24p,1.065283187,2.079246562,182.860825,-1.481134399,0.050349445,0.000457022,25,R.area,8/16/20,pre
-2.205899535,0.133470224,-0.001040547,c,new,8/16/20,23c,1.616905545,2.257885423,174.786325,-2.205899535,0.133470224,-0.001040547,25,R.area,8/16/20,pre
-3.796281779,0.227247387,-0.002610434,n,new,8/16/20,22n,1.288375118,2.630718523,210.238569,-3.796281779,0.227247387,-0.002610434,25,R.area,8/16/20,pre
-2.076712695,0.118066887,-0.000813852,c,new,8/16/20,20c,1.442391032,2.167865465,137.306122,-2.076712695,0.118066887,-0.000813852,25,R.area,8/16/20,pre
-3.100575875,0.192053499,-0.001986178,n,new,8/16/20,1n,1.583124496,2.528044418,230.81862,-3.100575875,0.192053499,-0.001986178,25,R.area,8/16/20,pre
-2.488067131,0.153295451,-0.001406669,p,new,8/16/20,19p,1.59225475,2.292447606,148.354662,-2.488067131,0.153295451,-0.001406669,25,R.area,8/16/20,pre
-3.208918105,0.168837795,-0.001381243,c,new,8/16/20,18c,1.160382589,2.712189783,214.68988,-3.208918105,0.168837795,-0.001381243,25,R.area,8/16/20,pre
-1.739602039,0.093023341,-0.000248244,n,new,8/16/20,17n,1.538532579,2.239183954,169.922309,-1.739602039,0.093023341,-0.000248244,25,R.area,8/16/20,pre
-1.633837803,0.087258909,-0.000173463,c,new,8/16/20,16c,1.551497155,2.194287628,225.381904,-1.633837803,0.087258909,-0.000173463,25,R.area,8/16/20,pre
-1.687364454,0.114376821,-0.001002029,n,new,8/16/20,15n,1.725968138,1.901710715,138.447653,-1.687364454,0.114376821,-0.001002029,25,R.area,8/16/20,pre
-2.332897792,0.148094749,-0.001359742,p,new,8/16/20,14p,1.681408801,2.227937685,140.966921,-2.332897792,0.148094749,-0.001359742,25,R.area,8/16/20,pre
-1.974148076,0.087503062,-0.000123525,c,new,8/16/20,13c,1.145940418,2.255266929,200.600601,-1.974148076,0.087503062,-0.000123525,25,R.area,8/16/20,pre
-2.075095,0.137062,-0.001252859,p,new,8/16/20,11p,1.76547179,2.104736671,153.459716,-2.075095,0.137062,-0.001252859,25,R.area,8/16/20,pre
-2.365795493,0.141358269,-0.001130764,c,new,7/19/20,9c,1.58634721,2.335441424,177.2612,-2.365795493,0.141358269,-0.001130764,25,R.area,7/19/20,pre
-0.739180287,0.009424914,0.001132293,p,new,7/19/20,8p,1.226452436,1.935558155,252.70073,-0.739180287,0.009424914,0.001132293,25,R.area,7/19/20,pre
-3.758318942,0.205997092,-0.00220793,n,new,7/19/20,5n,1.011720454,2.601286364,176.479514,-3.758318942,0.205997092,-0.00220793,25,R.area,7/19/20,pre
-0.936656802,0.044306711,0.000385156,n,new,7/19/20,3n,1.509432309,1.888240099,150.406504,-0.936656802,0.044306711,0.000385156,25,R.area,7/19/20,pre
-2.062531779,0.11971538,-0.000618622,p,new,7/19/20,2p,1.722391588,2.429881889,216.992188,-2.062531779,0.11971538,-0.000618622,25,R.area,7/19/20,pre
-2.216796324,0.121856564,-0.000877046,p,new,7/19/20,24p,1.32506802,2.181564878,124.804688,-2.216796324,0.121856564,-0.000877046,25,R.area,7/19/20,pre
-1.648027726,0.090067255,-0.000319841,c,new,7/19/20,23c,1.497433947,2.097512223,247.306792,-1.648027726,0.090067255,-0.000319841,25,R.area,7/19/20,pre
-2.169760301,0.134847053,-0.001153894,n,new,7/19/20,22n,1.616450109,2.163059553,146.337449,-2.169760301,0.134847053,-0.001153894,25,R.area,7/19/20,pre
-2.981365288,0.17307147,-0.00155441,c,new,7/19/20,20c,1.453413977,2.594800759,210.693642,-2.981365288,0.17307147,-0.00155441,25,R.area,7/19/20,pre
-2.001101987,0.114083896,-0.00055142,n,new,7/19/20,1n,1.659236715,2.375311956,148.190476,-2.001101987,0.114083896,-0.00055142,25,R.area,7/19/20,pre
-2.382559634,0.143110145,-0.001121221,p,new,7/19/20,19p,1.639564489,2.388082592,228.875969,-2.382559634,0.143110145,-0.001121221,25,R.area,7/19/20,pre
-2.270654691,0.124009364,-0.000733556,c,new,7/19/20,18c,1.44933779,2.394837822,222.088353,-2.270654691,0.124009364,-0.000733556,25,R.area,7/19/20,pre
-0.880942616,0.064538463,-9.29E-05,n,new,7/19/20,17n,1.962978952,1.820188408,196.977661,-0.880942616,0.064538463,-9.29E-05,25,R.area,7/19/20,pre
-2.08680417,0.119324169,-0.000699456,c,new,7/19/20,16c,1.582712834,2.324520845,203.649635,-2.08680417,0.119324169,-0.000699456,25,R.area,7/19/20,pre
-2.215412986,0.127196221,-0.000832805,n,new,7/19/20,15n,1.558914161,2.352691062,163.888889,-2.215412986,0.127196221,-0.000832805,25,R.area,7/19/20,pre
-2.933552469,0.158234318,-0.001207226,p,new,7/19/20,14p,1.307071382,2.661074611,240.776699,-2.933552469,0.158234318,-0.001207226,25,R.area,7/19/20,pre
-3.816823733,0.206110525,-0.001832318,c,new,7/19/20,13c,1.210145857,3.142273091,214.043035,-3.816823733,0.206110525,-0.001832318,25,R.area,7/19/20,pre
-1.9863879,0.103760532,-0.000400724,p,new,7/19/20,11p,1.429282827,2.309990094,201.171875,-1.9863879,0.103760532,-0.000400724,25,R.area,7/19/20,pre
-3.562425002,0.207350624,-0.001989635,c,new,6/21/20,9c,1.459098134,2.940820385,238.444924,-3.562425002,0.207350624,-0.001989635,25,R.area,6/21/20,pre
-2.35629423,0.137556705,-0.000994142,p,new,6/21/20,8p,1.586110189,2.407276462,209.983897,-2.35629423,0.137556705,-0.000994142,25,R.area,6/21/20,pre
-1.370270834,0.03773732,0.000902911,n,new,6/21/20,5n,1.147380291,2.290633762,225.622407,-1.370270834,0.03773732,0.000902911,25,R.area,6/21/20,pre
-2.834974999,0.183977873,-0.00182807,n,new,6/21/20,3n,1.86251574,2.523744639,193.181818,-2.834974999,0.183977873,-0.00182807,25,R.area,6/21/20,pre
-3.331097889,0.177802234,-0.001307617,p,new,6/21/20,2p,1.34540805,3.077796287,229.445507,-3.331097889,0.177802234,-0.001307617,25,R.area,6/21/20,pre
-2.249833671,0.121654426,-0.000702842,p,new,6/21/20,24p,1.422265273,2.375299109,213.511111,-2.249833671,0.121654426,-0.000702842,25,R.area,6/21/20,pre
-2.686234493,0.150523516,-0.001102978,c,new,6/21/20,23c,1.473281359,2.595414247,220.88429,-2.686234493,0.150523516,-0.001102978,25,R.area,6/21/20,pre
-1.220056532,0.068484771,3.56E-05,n,new,6/21/20,22n,1.672506281,2.019108608,136.879433,-1.220056532,0.068484771,3.56E-05,25,R.area,6/21/20,pre
-3.245462194,0.209412836,-0.002280953,c,new,6/21/20,20c,1.758152201,2.595170164,194.002307,-3.245462194,0.209412836,-0.002280953,25,R.area,6/21/20,pre
-1.651480927,0.080950767,-8.53E-05,n,new,6/21/20,1n,1.375713493,2.152984618,195.145631,-1.651480927,0.080950767,-8.53E-05,25,R.area,6/21/20,pre
-1.939010513,0.077630577,0.000307428,p,new,6/21/20,19p,1.213970344,2.534558987,306.440678,-1.939010513,0.077630577,0.000307428,25,R.area,6/21/20,pre
-2.792886589,0.146986184,-0.001035425,c,new,6/21/20,18c,1.264437765,2.591273592,252.341598,-2.792886589,0.146986184,-0.001035425,25,R.area,6/21/20,pre
-3.106311333,0.180334595,-0.00167739,n,new,6/21/20,17n,1.424306028,2.623871428,201.225741,-3.106311333,0.180334595,-0.00167739,25,R.area,6/21/20,pre
-0.649019896,0.032265356,0.00051044,c,new,6/21/20,16c,1.610652039,1.782244683,142.610063,-0.649019896,0.032265356,0.00051044,25,R.area,6/21/20,pre
-2.054563749,0.101918873,-0.000385649,n,new,6/21/20,15n,1.287082148,2.284996461,310.337972,-2.054563749,0.101918873,-0.000385649,25,R.area,6/21/20,pre
-2.635634721,0.151048919,-0.001066828,p,new,6/21/20,14p,1.606119498,2.656675169,241.071429,-2.635634721,0.151048919,-0.001066828,25,R.area,6/21/20,pre
-2.908725,0.125259276,-0.000416925,c,new,6/21/20,13c,0.962885356,2.840927254,257.629108,-2.908725,0.125259276,-0.000416925,25,R.area,6/21/20,pre
-1.456263068,0.055133924,0.000644877,p,new,6/21/20,11p,1.384214984,2.395945092,225.966851,-1.456263068,0.055133924,0.000644877,25,R.area,6/21/20,pre
-3.096690058,0.136407555,-0.000497847,c,new,9/5/20,9c,1.002347485,3.050032625,265.012407,-3.096690058,0.136407555,-0.000497847,20,R.area,9/5/20,post
-2.947628277,0.160200433,-0.001406055,p,new,9/5/20,8p,1.195540313,2.457087918,273.049645,-2.947628277,0.160200433,-0.001406055,20,R.area,9/5/20,post
-2.220157959,0.136525391,-0.001106042,n,new,9/5/20,5n,1.651527461,2.252933026,146.207585,-2.220157959,0.136525391,-0.001106042,20,R.area,9/5/20,post
-3.189015817,0.160187487,-0.001359518,p,new,9/5/20,24p,0.96654503,2.514605337,168.75,-3.189015817,0.160187487,-0.001359518,20,R.area,9/5/20,post
-2.370969402,0.124198119,-0.000859188,c,new,9/5/20,23c,1.217733014,2.253280348,189.376054,-2.370969402,0.124198119,-0.000859188,20,R.area,9/5/20,post
-3.621402684,0.222437673,-0.002624977,n,new,9/5/20,22n,1.348413132,2.489017794,199.071782,-3.621402684,0.222437673,-0.002624977,20,R.area,9/5/20,post
-2.228007639,0.098524736,-0.000244207,c,new,9/5/20,20c,1.085978416,2.370601763,191.282051,-2.228007639,0.098524736,-0.000244207,20,R.area,9/5/20,post
-3.565521019,0.21326878,-0.002402535,p,new,9/5/20,19p,1.302927722,2.538110929,173.689228,-3.565521019,0.21326878,-0.002402535,20,R.area,9/5/20,post
-2.56416102,0.115925544,-0.000373419,c,new,9/5/20,18c,1.105824062,2.644669293,214.504988,-2.56416102,0.115925544,-0.000373419,20,R.area,9/5/20,post
-2.123836748,0.117762847,-0.000641137,n,new,9/5/20,17n,1.521236935,2.356223076,188.787879,-2.123836748,0.117762847,-0.000641137,20,R.area,9/5/20,post
-2.389752332,0.112842039,-0.000431012,c,new,9/5/20,16c,1.175761308,2.491572805,181.180401,-2.389752332,0.112842039,-0.000431012,20,R.area,9/5/20,post
-2.4009375,0.132872898,-0.000951882,n,new,9/5/20,15n,1.385357831,2.34617841,261.850803,-2.4009375,0.132872898,-0.000951882,20,R.area,9/5/20,post
-4.569353909,0.267059702,-0.003132711,p,new,9/5/20,14p,1.160898521,3.016935367,193.032462,-4.569353909,0.267059702,-0.003132711,20,R.area,9/5/20,post
-2.545857591,0.121870809,-0.000686955,c,new,9/5/20,13c,1.074189117,2.399429102,191.476591,-2.545857591,0.121870809,-0.000686955,20,R.area,9/5/20,post
-5.156254574,0.335373661,-0.004415067,p,new,9/5/20,11p,1.597867388,3.146223792,185.166873,-5.156254574,0.335373661,-0.004415067,20,R.area,9/5/20,post
-3.117018328,0.178551448,-0.001549183,c,old,9/27/20,9co,1.460134602,2.748136598,214.690722,-3.117018328,0.178551448,-0.001549183,20,R.area,9/27/20,post
-2.457381875,0.171453119,-0.001741785,c,new,9/27/20,9c,2.09662782,2.324810466,151.794374,-2.457381875,0.171453119,-0.001741785,20,R.area,9/27/20,post
-2.710335924,0.142106778,-0.00084597,p,new,9/27/20,8p,1.368345115,2.713074815,218.590522,-2.710335924,0.142106778,-0.00084597,20,R.area,9/27/20,post
-2.026347936,0.093615013,-8.25E-06,n,old,9/27/20,5no,1.36188877,2.539649923,201.705757,-2.026347936,0.093615013,-8.25E-06,20,R.area,9/27/20,post
-1.992331888,0.138544715,-0.001406677,n,new,9/27/20,5n,1.807803532,1.978043911,131.132647,-1.992331888,0.138544715,-0.001406677,20,R.area,9/27/20,post
-2.741567583,0.145339765,-0.000930885,n,old,9/27/20,3no,1.363593001,2.685736312,258.492688,-2.741567583,0.145339765,-0.000930885,20,R.area,9/27/20,post
-2.141636987,0.136353754,-0.001076392,n,new,9/27/20,3n,1.812055444,2.282660145,203.100775,-2.141636987,0.136353754,-0.001076392,20,R.area,9/27/20,post
-2.527564258,0.13626643,-0.000838616,p,old,9/27/20,2po,1.426125617,2.568587753,250.929112,-2.527564258,0.13626643,-0.000838616,20,R.area,9/27/20,post
-1.401767049,0.082907208,-0.000193621,p,new,9/27/20,2p,1.733079898,2.079779018,159.592326,-1.401767049,0.082907208,-0.000193621,20,R.area,9/27/20,post
-1.640803875,0.083739139,-0.000223275,p,old,9/27/20,24po,1.367696324,2.066288415,206.086957,-1.640803875,0.083739139,-0.000223275,20,R.area,9/27/20,post
0.116159364,-0.056692217,0.002229309,p,new,9/27/20,24p,1.096553409,1.729326937,182.147477,0.116159364,-0.056692217,0.002229309,20,R.area,9/27/20,post
-1.451868223,0.043858951,0.000729008,c,old,9/27/20,23co,1.105431404,2.232436531,201.479047,-1.451868223,0.043858951,0.000729008,20,R.area,9/27/20,post
-1.509957249,0.085112828,-0.000264956,c,new,9/27/20,23c,1.571870393,2.051662656,155.514706,-1.509957249,0.085112828,-0.000264956,20,R.area,9/27/20,post
-2.481875341,0.117983657,-0.000452628,n,old,9/27/20,22no,1.203006395,2.594834412,228.862479,-2.481875341,0.117983657,-0.000452628,20,R.area,9/27/20,post
-1.313925192,0.072120244,-3.28E-05,n,new,9/27/20,22n,1.597693976,2.023415203,204.285714,-1.313925192,0.072120244,-3.28E-05,20,R.area,9/27/20,post
-1.350947674,0.067288296,-4.58E-05,c,old,9/27/20,20co,1.353393691,1.915478386,241.393875,-1.350947674,0.067288296,-4.58E-05,20,R.area,9/27/20,post
-2.466602607,0.147728975,-0.001201297,c,new,9/27/20,20c,1.609319387,2.402816081,175.44843,-2.466602607,0.147728975,-0.001201297,20,R.area,9/27/20,post
-1.589239808,0.061908863,0.000358673,n,old,9/27/20,1no,1.200397094,2.222038791,207.422402,-1.589239808,0.061908863,0.000358673,20,R.area,9/27/20,post
-1.851604619,0.049385651,0.000957762,n,new,9/27/20,1n,0.981805206,2.645175201,190.018832,-1.851604619,0.049385651,0.000957762,20,R.area,9/27/20,post
-1.591958292,0.067380849,0.000146751,p,old,9/27/20,19po,1.20235543,2.111047224,237.305699,-1.591958292,0.067380849,0.000146751,20,R.area,9/27/20,post
-1.699810669,0.083445197,-4.34E-05,p,new,9/27/20,19p,1.43218345,2.254113332,202.972399,-1.699810669,0.083445197,-4.34E-05,20,R.area,9/27/20,post
-2.690461533,0.121742337,-0.00033074,c,old,9/27/20,18co,1.157641363,2.863525496,239.955357,-2.690461533,0.121742337,-0.00033074,20,R.area,9/27/20,post
-2.344958948,0.128349511,-0.000734512,c,new,9/27/20,18c,1.498865908,2.499870821,221.215043,-2.344958948,0.128349511,-0.000734512,20,R.area,9/27/20,post
-2.294108418,0.10980885,-0.000376734,n,old,9/27/20,17no,1.240673342,2.483631077,195.397891,-2.294108418,0.10980885,-0.000376734,20,R.area,9/27/20,post
-4.148192646,0.266244181,-0.003115356,n,new,9/27/20,17n,1.752098511,3.018511059,125.430598,-4.148192646,0.266244181,-0.003115356,20,R.area,9/27/20,post
-2.506610944,0.132668396,-0.000852485,c,old,9/27/20,16co,1.319556395,2.460688746,221.577726,-2.506610944,0.132668396,-0.000852485,20,R.area,9/27/20,post
-3.953099347,0.257696542,-0.003084779,c,new,9/27/20,16c,1.752997844,2.813912776,203.452855,-3.953099347,0.257696542,-0.003084779,20,R.area,9/27/20,post
-2.389842164,0.119428861,-0.000533174,n,old,9/27/20,15no,1.300365893,2.528690726,250.192308,-2.389842164,0.119428861,-0.000533174,20,R.area,9/27/20,post
-0.855196261,0.014275614,0.00116775,n,new,9/27/20,15n,1.260536887,2.068101533,222.976744,-0.855196261,0.014275614,0.00116775,20,R.area,9/27/20,post
-1.937018745,0.073499026,0.000398284,p,old,9/27/20,14po,1.1611193,2.545004194,206.929895,-1.937018745,0.073499026,0.000398284,20,R.area,9/27/20,post
-2.225894637,0.125254344,-0.000839143,p,new,9/27/20,14p,1.463746654,2.30014404,219.871795,-2.225894637,0.125254344,-0.000839143,20,R.area,9/27/20,post
-3.415118158,0.193157836,-0.001979461,c,old,9/27/20,13co,1.193230595,2.56471586,211.538462,-3.415118158,0.193157836,-0.001979461,20,R.area,9/27/20,post
-2.000083287,0.100470854,-0.000393518,c,new,9/27/20,13c,1.304395015,2.243303509,200.097561,-2.000083287,0.100470854,-0.000393518,20,R.area,9/27/20,post
-2.334606013,0.112594243,-0.000413108,p,old,9/27/20,11po,1.248643616,2.507756845,215.656566,-2.334606013,0.112594243,-0.000413108,20,R.area,9/27/20,post
-1.918619045,0.108845813,-0.000588558,p,new,9/27/20,11p,1.544464649,2.212623647,180.479826,-1.918619045,0.108845813,-0.000588558,20,R.area,9/27/20,post
-1.481134399,0.050349445,0.000457022,p,new,8/16/20,24p,1.065283187,2.079246562,182.860825,-1.481134399,0.050349445,0.000457022,20,R.area,8/16/20,pre
-2.205899535,0.133470224,-0.001040547,c,new,8/16/20,23c,1.616905545,2.257885423,174.786325,-2.205899535,0.133470224,-0.001040547,20,R.area,8/16/20,pre
-3.796281779,0.227247387,-0.002610434,n,new,8/16/20,22n,1.288375118,2.630718523,210.238569,-3.796281779,0.227247387,-0.002610434,20,R.area,8/16/20,pre
-2.076712695,0.118066887,-0.000813852,c,new,8/16/20,20c,1.442391032,2.167865465,137.306122,-2.076712695,0.118066887,-0.000813852,20,R.area,8/16/20,pre
-3.100575875,0.192053499,-0.001986178,n,new,8/16/20,1n,1.583124496,2.528044418,230.81862,-3.100575875,0.192053499,-0.001986178,20,R.area,8/16/20,pre
-2.488067131,0.153295451,-0.001406669,p,new,8/16/20,19p,1.59225475,2.292447606,148.354662,-2.488067131,0.153295451,-0.001406669,20,R.area,8/16/20,pre
-3.208918105,0.168837795,-0.001381243,c,new,8/16/20,18c,1.160382589,2.712189783,214.68988,-3.208918105,0.168837795,-0.001381243,20,R.area,8/16/20,pre
-1.739602039,0.093023341,-0.000248244,n,new,8/16/20,17n,1.538532579,2.239183954,169.922309,-1.739602039,0.093023341,-0.000248244,20,R.area,8/16/20,pre
-1.633837803,0.087258909,-0.000173463,c,new,8/16/20,16c,1.551497155,2.194287628,225.381904,-1.633837803,0.087258909,-0.000173463,20,R.area,8/16/20,pre
-1.687364454,0.114376821,-0.001002029,n,new,8/16/20,15n,1.725968138,1.901710715,138.447653,-1.687364454,0.114376821,-0.001002029,20,R.area,8/16/20,pre
-2.332897792,0.148094749,-0.001359742,p,new,8/16/20,14p,1.681408801,2.227937685,140.966921,-2.332897792,0.148094749,-0.001359742,20,R.area,8/16/20,pre
-1.974148076,0.087503062,-0.000123525,c,new,8/16/20,13c,1.145940418,2.255266929,200.600601,-1.974148076,0.087503062,-0.000123525,20,R.area,8/16/20,pre
-2.075095,0.137062,-0.001252859,p,new,8/16/20,11p,1.76547179,2.104736671,153.459716,-2.075095,0.137062,-0.001252859,20,R.area,8/16/20,pre
-2.365795493,0.141358269,-0.001130764,c,new,7/19/20,9c,1.58634721,2.335441424,177.2612,-2.365795493,0.141358269,-0.001130764,20,R.area,7/19/20,pre
-0.739180287,0.009424914,0.001132293,p,new,7/19/20,8p,1.226452436,1.935558155,252.70073,-0.739180287,0.009424914,0.001132293,20,R.area,7/19/20,pre
-3.758318942,0.205997092,-0.00220793,n,new,7/19/20,5n,1.011720454,2.601286364,176.479514,-3.758318942,0.205997092,-0.00220793,20,R.area,7/19/20,pre
-0.936656802,0.044306711,0.000385156,n,new,7/19/20,3n,1.509432309,1.888240099,150.406504,-0.936656802,0.044306711,0.000385156,20,R.area,7/19/20,pre
-2.062531779,0.11971538,-0.000618622,p,new,7/19/20,2p,1.722391588,2.429881889,216.992188,-2.062531779,0.11971538,-0.000618622,20,R.area,7/19/20,pre
-2.216796324,0.121856564,-0.000877046,p,new,7/19/20,24p,1.32506802,2.181564878,124.804688,-2.216796324,0.121856564,-0.000877046,20,R.area,7/19/20,pre
-1.648027726,0.090067255,-0.000319841,c,new,7/19/20,23c,1.497433947,2.097512223,247.306792,-1.648027726,0.090067255,-0.000319841,20,R.area,7/19/20,pre
-2.169760301,0.134847053,-0.001153894,n,new,7/19/20,22n,1.616450109,2.163059553,146.337449,-2.169760301,0.134847053,-0.001153894,20,R.area,7/19/20,pre
-2.981365288,0.17307147,-0.00155441,c,new,7/19/20,20c,1.453413977,2.594800759,210.693642,-2.981365288,0.17307147,-0.00155441,20,R.area,7/19/20,pre
-2.001101987,0.114083896,-0.00055142,n,new,7/19/20,1n,1.659236715,2.375311956,148.190476,-2.001101987,0.114083896,-0.00055142,20,R.area,7/19/20,pre
-2.382559634,0.143110145,-0.001121221,p,new,7/19/20,19p,1.639564489,2.388082592,228.875969,-2.382559634,0.143110145,-0.001121221,20,R.area,7/19/20,pre
-2.270654691,0.124009364,-0.000733556,c,new,7/19/20,18c,1.44933779,2.394837822,222.088353,-2.270654691,0.124009364,-0.000733556,20,R.area,7/19/20,pre
-0.880942616,0.064538463,-9.29E-05,n,new,7/19/20,17n,1.962978952,1.820188408,196.977661,-0.880942616,0.064538463,-9.29E-05,20,R.area,7/19/20,pre
-2.08680417,0.119324169,-0.000699456,c,new,7/19/20,16c,1.582712834,2.324520845,203.649635,-2.08680417,0.119324169,-0.000699456,20,R.area,7/19/20,pre
-2.215412986,0.127196221,-0.000832805,n,new,7/19/20,15n,1.558914161,2.352691062,163.888889,-2.215412986,0.127196221,-0.000832805,20,R.area,7/19/20,pre
-2.933552469,0.158234318,-0.001207226,p,new,7/19/20,14p,1.307071382,2.661074611,240.776699,-2.933552469,0.158234318,-0.001207226,20,R.area,7/19/20,pre
-3.816823733,0.206110525,-0.001832318,c,new,7/19/20,13c,1.210145857,3.142273091,214.043035,-3.816823733,0.206110525,-0.001832318,20,R.area,7/19/20,pre
-1.9863879,0.103760532,-0.000400724,p,new,7/19/20,11p,1.429282827,2.309990094,201.171875,-1.9863879,0.103760532,-0.000400724,20,R.area,7/19/20,pre
-3.562425002,0.207350624,-0.001989635,c,new,6/21/20,9c,1.459098134,2.940820385,238.444924,-3.562425002,0.207350624,-0.001989635,20,R.area,6/21/20,pre
-2.35629423,0.137556705,-0.000994142,p,new,6/21/20,8p,1.586110189,2.407276462,209.983897,-2.35629423,0.137556705,-0.000994142,20,R.area,6/21/20,pre
-1.370270834,0.03773732,0.000902911,n,new,6/21/20,5n,1.147380291,2.290633762,225.622407,-1.370270834,0.03773732,0.000902911,20,R.area,6/21/20,pre
-2.834974999,0.183977873,-0.00182807,n,new,6/21/20,3n,1.86251574,2.523744639,193.181818,-2.834974999,0.183977873,-0.00182807,20,R.area,6/21/20,pre
-3.331097889,0.177802234,-0.001307617,p,new,6/21/20,2p,1.34540805,3.077796287,229.445507,-3.331097889,0.177802234,-0.001307617,20,R.area,6/21/20,pre
-2.249833671,0.121654426,-0.000702842,p,new,6/21/20,24p,1.422265273,2.375299109,213.511111,-2.249833671,0.121654426,-0.000702842,20,R.area,6/21/20,pre
-2.686234493,0.150523516,-0.001102978,c,new,6/21/20,23c,1.473281359,2.595414247,220.88429,-2.686234493,0.150523516,-0.001102978,20,R.area,6/21/20,pre
-1.220056532,0.068484771,3.56E-05,n,new,6/21/20,22n,1.672506281,2.019108608,136.879433,-1.220056532,0.068484771,3.56E-05,20,R.area,6/21/20,pre
-3.245462194,0.209412836,-0.002280953,c,new,6/21/20,20c,1.758152201,2.595170164,194.002307,-3.245462194,0.209412836,-0.002280953,20,R.area,6/21/20,pre
-1.651480927,0.080950767,-8.53E-05,n,new,6/21/20,1n,1.375713493,2.152984618,195.145631,-1.651480927,0.080950767,-8.53E-05,20,R.area,6/21/20,pre
-1.939010513,0.077630577,0.000307428,p,new,6/21/20,19p,1.213970344,2.534558987,306.440678,-1.939010513,0.077630577,0.000307428,20,R.area,6/21/20,pre
-2.792886589,0.146986184,-0.001035425,c,new,6/21/20,18c,1.264437765,2.591273592,252.341598,-2.792886589,0.146986184,-0.001035425,20,R.area,6/21/20,pre
-3.106311333,0.180334595,-0.00167739,n,new,6/21/20,17n,1.424306028,2.623871428,201.225741,-3.106311333,0.180334595,-0.00167739,20,R.area,6/21/20,pre
-0.649019896,0.032265356,0.00051044,c,new,6/21/20,16c,1.610652039,1.782244683,142.610063,-0.649019896,0.032265356,0.00051044,20,R.area,6/21/20,pre
-2.054563749,0.101918873,-0.000385649,n,new,6/21/20,15n,1.287082148,2.284996461,310.337972,-2.054563749,0.101918873,-0.000385649,20,R.area,6/21/20,pre
-2.635634721,0.151048919,-0.001066828,p,new,6/21/20,14p,1.606119498,2.656675169,241.071429,-2.635634721,0.151048919,-0.001066828,20,R.area,6/21/20,pre
-2.908725,0.125259276,-0.000416925,c,new,6/21/20,13c,0.962885356,2.840927254,257.629108,-2.908725,0.125259276,-0.000416925,20,R.area,6/21/20,pre
-1.456263068,0.055133924,0.000644877,p,new,6/21/20,11p,1.384214984,2.395945092,225.966851,-1.456263068,0.055133924,0.000644877,20,R.area,6/21/20,pre